LabelCode,Scenario1_page,Scenario1_led,Scenario2_page,Scenario2_led,Scenario3_page,Scenario3_led,Scenario4_page,Scenario4_led,Scenario5_page,Scenario5_led,Scenario6_page,Scenario6_led,Scenario7_page,Scenario7_led,Scenario8_page,Scenario8_led,Scenario9_page,Scenario9_led,Scenario10_page,Scenario10_led
0DCD38DA709E,1,,1,,1,,1,,,,,,,,,,,
0DCD36A3709E,1,,1,,1,,1,,,,,,,,,,,
0DCD366E709F,1,,1,,1,,1,,,,,,,,,,,
0DCD38D77093,1,,1,,1,,1,,,,,,,,,,,
0DCD36AD7090,1,,1,,1,,1,,,,,,,,,,,
0DCD36157093,1,,1,,1,,1,,,,,,,,,,,
0DCD38CA709F,1,,1,,1,,1,,,,,,,,,,,
0DCD360E7099,1,,1,,1,,1,,,,,,,,,,,
0DCD48FE709F,1,,1,,1,,1,,,,,,,,,,,
0DCD36357091,1,,1,,1,,1,,,,,,,,,,,
0DCD4901709E,1,,1,,1,,1,,,,,,,,,,,
0DCD4911709F,1,,1,,1,,1,,,,,,,,,,,
0DCD3708709E,1,,1,,1,,1,,,,,,,,,,,
0DCD364C709F,1,,1,,1,,1,,,,,,,,,,,
0DCD35947099,1,,1,,1,,1,,,,,,,,,,,
0DCD3649709A,1,,1,,1,,1,,,,,,,,,,,
0DCD38A37090,1,,1,,1,,1,,,,,,,,,,,
0DCD389E709E,1,,1,,1,,1,,,,,,,,,,,
0DCD3865709A,1,,1,,1,,2,,,,,,,,,,,
0DCD34737091,1,,1,,1,,2,,,,,,,,,,,
0DCD38907090,1,,1,,1,,2,,,,,,,,,,,
0DCD36107096,1,,1,,1,,2,Green,,,,,,,,,,
0DCD36077090,1,,1,,1,,2,Green,,,,,,,,,,
0DCD362C7099,1,,1,,1,,2,Green,,,,,,,,,,
0DCD38A07093,1,,2,,1,,2,Green,,,,,,,,,,
0DCD38A8709B,1,,2,,1,,2,Green,,,,,,,,,,
0DCD36427091,1,,2,,1,,2,Green,,,,,,,,,,
0DCD36417092,1,,2,,1,,2,Green,,,,,,,,,,
0DCD3582709E,1,,2,,1,,2,Green,,,,,,,,,,
0DCD48E67096,1,,2,,1,,2,,,,,,,,,,,
0DCD34657096,1,,2,,1,,2,,,,,,,,,,,
0DCD36E87091,1,,2,,1,,2,,,,,,,,,,,
0DCD490F7090,1,,2,,1,,2,,,,,,,,,,,
0DCD359595098,1,,2,,1,,2,,,,,,,,,,,
0DCD492B7096,1,,2,,1,,2,,,,,,,,,,,
0DCD35847098,1,,2,,1,,2,,,,,,,,,,,
0DCD38EE7099,1,,2,,1,,2,,,,,,,,,,,
0DCD38E27095,1,,2,,1,,2,,,,,,,,,,,
0DCD48B67093,1,,2,,1,,1,,,,,,,,,,,
0DCD38DF709B,1,,2,,1,,1,,,,,,,,,,,
0DCD36606091,1,,2,,1,,1,,,,,,,,,,,
0DCD36F4709C,1,,2,,1,,1,,,,,,,,,,,
0DCD36507092,1,,2,,1,,1,,,,,,,,,,,
0DCD37027094,1,,2,,1,,1,,,,,,,,,,,
0DCD370C709A,1,,1,,1,,1,,,,,,,,,,,
0DCD36A0709D,1,,1,,1,,1,,,,,,,,,,,
0DCD38A47097,1,,1,,1,,1,,,,,,,,,,,
0DCD36227097,1,,1,,1,,1,,,,,,,,,,,
0DCD369E7090,1,,1,,1,,1,,,,,,,,,,,
0DCD36217094,1,,1,,1,,1,,,,,,,,,,,
0DCD38D37097,1,,1,,1,,1,,,,,,,,,,,
0DCD36A1709C,1,,1,,1,,1,,,,,,,,,,,
0DCD36207095,1,,1,,1,,1,,,,,,,,,,,
0DCD38A57096,1,,1,,1,,1,,,,,,,,,,,
0DCD36D5709F,1,,1,,1,,1,,,,,,,,,,,
0DCD36057092,1,,1,,1,,1,,,,,,,,,,,
0DCD36C0709B,1,,1,,1,,1,,,,,,,,,,,
0DD139EE7095,1,,1,,1,,1,,,,,,,,,,,
0DCD369696098,1,,1,,1,,1,,,,,,,,,,,
0DCD36CB7090,1,,1,,1,,1,,,,,,,,,,,
0DCD35FF7094,1,,1,,1,,1,,,,,,,,,,,
0DCD48A8709C,1,,1,,1,,1,,,,,,,,,,,
0DCD3872709C,1,,1,,1,,1,,,,,,,,,,,
0DCD48CD709F,1,,1,,1,,1,,,,,,,,,,,
0DCD3597709A,1,,1,,1,,1,,,,,,,,,,,
0DCD34437092,1,,1,,1,,1,,,,,,,,,,,
0DCD48CC709E,1,,1,Green,1,,1,,,,,,,,,
0DCD492C7091,1,,1,Green,1,,1,,,,,,,,,
0DCD360D709A,1,,1,Green,1,,1,,,,,,,,,
0DCD36067091,1,,1,Green,1,,1,,,,,,,,,
0DCD48D47097,1,,1,Green,1,,1,,,,,,,,,
0DCD38927092,1,,1,Green,1,,1,,,,,,,,,
0DCD48A55091,1,,1,Green,1,,1,,,,,,,,,
0DCD35567097,1,,1,Green,1,,1,,,,,,,,,
0DCD48A35097,1,,1,Green,1,,1,,,,,,,,,
0DCD4581709A,1,,1,Green,1,,1,,,,,,,,,
0DCD36A85095,1,,1,Green,1,,1,,,,,,,,,
0DCD36AC7091,1,,1,Green,1,,1,,,,,,,,,
0DCD38E07097,1,,1,Green,1,,1,,,,,,,,,
0DCD367A709A,1,,1,Green,1,,1,,,,,,,,,
0DCD38DE709A,1,,1,Green,1,,1,,,,,,,,,
0DCD36006097,1,,1,Green,1,,1,,,,,,,,,
0DCD389B709B,1,,1,Green,1,,1,,,,,,,,,
0DCD38A65095,1,,1,Green,1,,1,,,,,,,,,
0DCD3680609F,1,,1,Green,1,,1,,,,,,,,,
0DCD38EA709D,1,,1,Green,1,,1,,,,,,,,,
0DCD38DD7099,1,,1,Green,1,,1,,,,,,,,,
0DCD36996097,1,,1,Green,1,,1,,,,,,,,,
0DCD37036095,1,,1,Green,1,,1,,,,,,,,,
0DCD388E709F,1,,1,Green,1,,1,,,,,,,,,
0DCD362A709F,1,,1,,1,,1,,,,,,,,,,,
0DCD36DD7097,1,,1,,1,,1,,,,,,,,,,,
0DCD380E7097,1,,1,,1,,1,,,,,,,,,,,
0DCD38197091,1,,1,,1,,1,,,,,,,,,,,
0DD137C47093,1,,1,,1,,1,,,,,,,,,,,
0DD137197093,1,,1,,1,,1,,,,,,,,,,,
0DD137917093,1,,1,,1,,1,,,,,,,,,,,
0DCD47F3709D,1,,1,,1,,1,,,,,,,,,,,
0DD1489A7090,1,,1,,1,,1,,,,,,,,,,,
0DCD48437099,1,,1,,1,,1,,,,,,,,,,,
0DCD3814709C,1,,1,,1,,2,Red,,,,,,,,,,
0DCD37427090,1,,1,,1,,2,Red,,,,,,,,,,
0DCD37457097,1,,1,,1,,2,Red,,,,,,,,,,
0DCD37336096,1,,1,,1,,2,Red,,,,,,,,,,
0DCD373A709F,1,,1,,1,,2,Red,,,,,,,,,,
0DCD37367093,1,,1,,1,,2,Red,,,,,,,,,,
0DCD383F7095,1,,1,,1,,2,Red,,,,,,,,,,
0DCD38237098,1,,1,,1,,2,Red,,,,,,,,,,
0DCD373D7098,1,,1,,1,,2,Red,,,,,,,,,,
0DCD3728709C,1,,1,,1,,2,Red,,,,,,,,,,
0DCD3836709C,1,,1,,1,,2,Red,,,,,,,,,,
0DCD380B7092,1,,1,,1,,2,Red,,,,,,,,,,
0DCD3816709E,1,,1,,1,,2,Red,,,,,,,,,,
0DCD37447096,1,,1,,1,,2,,,,,,,,,,,
0DCD372F709B,1,,1,,1,,2,,,,,,,,,,,
0DCD36557097,1,,1,,1,,2,,,,,,,,,,,
0DCD37517092,1,,1,,1,,2,,,,,,,,,,,
0DCD380F7096,1,,1,,1,,2,,,,,,,,,,,
0DCD36646095,1,,1,,1,,2,,,,,,,,,,,
0DD138007094,1,,1,,1,,2,,,,,,,,,,,
0DCD52F37099,1,,1,,1,,1,,,,,,,,,,,
0DD136EF709B,1,,1,,1,,1,,,,,,,,,,,
0DD149B2709B,1,,1,,1,,1,,,,,,,,,,,
0DD136E27096,1,,1,,1,,1,,,,,,,,,,,
0DD1463B7095,1,,1,,1,,1,,,,,,,,,,,
0DD136EB709F,1,,1,,1,,1,,,,,,,,,,,
0DD138067092,1,,1,,1,,1,,,,,,,,,,,
0DCD381B7093,1,,1,,1,,1,,,,,,,,,,,
0DCD37417093,1,,1,,1,,1,,,,,,,,,,,
0DCD372E709A,1,,1,,1,,1,,,,,,,,,,,
0DD137867095,1,,1,,1,,1,,,,,,,,,,,
0DD137C07097,1,,1,,1,,1,,,,,,,,,,,
0DCD37327097,1,,1,,1,,1,,,,,,,,,,,
0DCD38447099,1,,1,,1,,1,,,,,,,,,,,
0DCD380C7095,1,,1,,1,,1,,,,,,,,,,,
0DD136E77093,1,,1,,1,,1,,,,,,,,,,,
0DD137CD709A,1,,1,,1,,1,,,,,,,,,,,
0DCD372D7099,1,,1,,1,,1,,,,,,,,,,,
0DCD383B7091,1,,2,,1,,1,,,,,,,,,,,
0DCD36636092,1,,2,,1,,1,,,,,,,,,,,
0DCD3821709A,1,,2,,1,,1,,,,,,,,,,,
0DCD383D7097,1,,2,,1,,1,,,,,,,,,,,
0DCD381C7094,1,,2,,1,,1,,,,,,,,,,,
0DCD380A7093,1,,2,,1,,1,,,,,,,,,,,
0DCD3817709F,1,,2,,1,,1,,,,,,,,,,,
0DCD372C7098,1,,2,,1,,1,,,,,,,,,,,
0DCD38457098,1,,2,,1,,1,,,,,,,,,,,
0DCD37377092,1,,2,,1,,1,,,,,,,,,,,
0DCD3841709C,1,,2,,1,,1,,,,,,,,,,,
0DCD373B709E,1,,2,,1,,1,,,,,,,,,,,
0DD137EA709F,1,,2,,1,,1,,,,,,,,,,,
0DD137B96099,1,,2,,1,,1,,,,,,,,,,,
0DD137A77096,1,,2,,1,,1,,,,,,,,,,,
0DCD363B709F,1,,2,,1,,1,,,,,,,,,,,
0DCD364F709C,1,,2,,1,,1,,,,,,,,,,,
0DD137BD709D,1,,2,,1,,1,,,,,,,,,,,
0DD14849709E,1,,2,,1,,1,,,,,,,,,,,
0DD14894709E,1,,2,,1,,1,,,,,,,,,,,
0DD137AF709E,1,,1,,1,,1,,,,,,,,,,,
0DCD36F7709F,1,,1,,1,,1,,,,,,,,,,,
0DCD36166090,1,,1,,1,,1,,,,,,,,,,,
0DD137C8709F,1,,1,,1,,1,,,,,,,,,,,
0DD137B47094,1,,1,,1,,1,,,,,,,,,,,
0DCD38D8709C,1,,1,,1,,1,,,,,,,,,,,
0DD137977095,1,,1,,1,,1,,,,,,,,,,,
0DD1379E709C,1,,1,,1,,1,,,,,,,,,,,
0DCD38F06096,1,,1,,1,,1,,,,,,,,,,,
0DD137927090,1,,1,,1,,1,,,,,,,,,,,
0DCD36747094,1,,1,,1,,1,,,,,,,,,,,
0DD136FD7098,1,,1,,1,,1,,,,,,,,,,,
0DD137B37093,1,,1,,1,,1,,,,,,,,,,,
0DD137C66091,1,,1,,1,,1,,,,,,,,,,,
0DD137AE709F,1,,1,,1,,1,,,,,,,,,,,
0DCD3692609C,1,,1,,1,,1,,,,,,,,,,,
0DCD38CD7098,1,,1,,1,,1,,,,,,,,,,,
0DCD36796099,1,,1,,1,,1,,,,,,,,,,,
0DCD38CF709A,1,,1,,1,,1,,,,,,,,,,,
0DD137A86099,1,,1,,1,,1,,,,,,,,,,,
0DCD38D06094,1,,1,,1,,1,,,,,,,,,,,
0DCD36FF7097,1,,1,,1,,1,,,,,,,,,,,
0DCD364B7098,1,,1,,1,,1,,,,,,,,,,,
0DD1485B709D,1,,1,,1,,1,,,,,,,,,,,
0DD137BC709C,1,,1,,1,,1,,,,,,,,,,,
0DD137BE709E,1,,1,,1,,1,,,,,,,,,,,
0DCD38C47091,1,,1,,1,,1,,,,,,,,,,,
0DCD38BE709C,1,,1,,1,,1,,,,,,,,,,,
0DCD36436090,1,,1,,1,,1,,,,,,,,,,,
0DCD370A709C,1,,1,,1,,1,,,,,,,,,,,
0DD1489B7091,1,,1,,1,,1,,,,,,,,,,,
0DCD374C709E,1,,1,,1,,1,,,,,,,,,,,
0DCD37126095,1,,1,,1,,1,,,,,,,,,,,
0DCD365C709E,1,,1,,1,,1,,,,,,,,,,,
0DCD383E7094,1,,1,,1,,1,,,,,,,,,,,
0DCD3749609B,1,,1,,1,,1,,,,,,,,,,,
0DCD3813709B,1,,1,,1,,1,,,,,,,,,,,
0DCD372A709E,1,,1,,1,,1,,,,,,,,,,,
0DCD374A7098,1,,1,,1,,1,,,,,,,,,,,
0DCD37147093,1,,1,,1,,1,,,,,,,,,,,
0DD136EC7098,1,,1,,1,Green,1,,,,,,,,,,
0DD137CE7099,1,,1,,1,Green,1,,,,,,,,,,
0DD148747090,1,,1,,1,Green,1,,,,,,,,,,
0DD148757091,1,,1,,1,Green,1,,,,,,,,,,
0DCD38C27097,1,,1,,1,,1,,,,,,,,,,,
0DCD366F709E,1,,1,,1,,1,,,,,,,,,,,
0DCD36257090,1,,1,,1,,1,,,,,,,,,,,
0DCD36A2709F,1,,1,,1,,1,,,,,,,,,,,
0DCD3709609F,1,,1,,1,,1,,,,,,,,,,,
0DCD370B709D,1,,1,,1,,1,,,,,,,,,,,
0DCD3681709E,1,,1,,1,,1,,,,,,,,,,,
0DCD38E37094,1,,1,,1,,1,,,,,,,,,,,
0DCD36A55098,1,,1,,1,,1,,,,,,,,,,,
0DCD3691609F,1,,1,,1,,1,,,,,,,,,,,
0DCD36F16099,1,,1,,1,,1,,,,,,,,,,,
0DCD36737093,1,,1,,1,,1,,,,,,,,,,,
0DD136ED7099,1,,1,,1,,2,,,,,,,,,,,
0DD1484C709B,1,,1,,1,,2,,,,,,,,,,,
0DCD36406093,1,,1,,1,Green,2,,,,,,,,,,
0DCD36A45099,1,,1,,1,Green,2,,,,,,,,,,
0DCD363F709B,1,,1,,1,Green,2,,,,,,,,,,
0DCD36726092,1,,1,,1,,2,,,,,,,,,,,
0DCD36476094,1,,1,,1,,2,Red,,,,,,,,,,
0DCD36FE7096,1,,1,,1,,2,Red,,,,,,,,,,
0DCD36456096,1,,1,,1,,2,Red,,,,,,,,,,
0DCD36BC7090,1,,1,,1,,2,Red,,,,,,,,,,
0DCD36466095,1,,1,,1,,2,,,,,,,,,,,
0DCD48C17093,1,,1,,1,,2,,,,,,,,,,,
0DCD48B77092,1,,1,,1,,2,,,,,,,,,,,
0DCD36C5709E,1,,1,,1,,2,,,,,,,,,,,
0DCD36CF7094,1,,1,,1,,2,,,,,,,,,,,
0DCD36B47098,1,,1,,1,,2,,,,,,,,,,,
0DD136E55091,1,,1,,1,,2,,,,,,,,,,,
0DCD48D8709B,1,,1,,1,,2,,,,,,,,,,,
0DCD37016097,1,,1,,1,,2,,,,,,,,,,,
0DCD35557094,1,,1,,1,,2,,,,,,,,,,,
0DCD37557096,1,,1,,1,,1,,,,,,,,,,,
0DCD48DB7098,1,,1,,1,,1,,,,,,,,,,,
0DCD48DF709C,1,,1,,1,,1,,,,,,,,,,,
0DCD368B7094,1,,1,,1,,1,,,,,,,,,,,
0DCD4910709E,1,,1,,1,,1,,,,,,,,,,,
0DCD4920709D,1,,1,,1,,1,,,,,,,,,,,
0DCD48EE709E,1,,1,,1,,1,,,,,,,,,,,
0DCD48AA709E,1,,1,,1,,1,,,,,,,,,,,
0DCD375E709D,1,,1,,1,,1,,,,,,,,,,,
0DCD35596098,1,,1,,1,,1,,,,,,,,,,,
0DCD353D709A,1,,1,,1,,1,,,,,,,,,,,
0DCD375C709F,1,,1,,1,,1,,,,,,,,,,,
0DCD369C7092,1,,1,,1,,1,,,,,,,,,,,
0DCD3580709C,1,,1,,1,,1,,,,,,,,,,,
0DCD38596095,1,,1,,1,,1,,,,,,,,,,,
0DCD48CB7099,1,,1,,1,,1,,,,,,,,,,,
0DCD48B8609D,1,,1,,1,,1,,,,,,,,,,,
0DCD36CE7095,1,,1,,1,Red,1,,,,,,,,,,
0DCD36C7709C,1,,1,,1,Red,1,,,,,,,,,,
0DCD3695609B,1,,1,,1,Red,1,,,,,,,,,,
0DCD36CD7096,1,,1,,1,Red,1,,,,,,,,,,
0DCD36046093,1,,1,,1,,1,,,,,,,,,,,
0DCD37566095,1,,1,,1,,1,,,,,,,,,,,
0DCD490C7093,1,,1,,1,,1,,,,,,,,,,,
0DCD36C4609F,1,,1,,1,,1,,,,,,,,,,,
0DCD4944609F,1,,1,,1,,1,,,,,,,,,,,
0DCD358E7092,1,,1,,1,,1,,,,,,,,,,,
0DCD48B06095,1,,1,,1,,1,,,,,,,,,,,
0DCD357F709C,1,,1,,1,,1,,,,,,,,,,,
0DCD48F76096,1,,1,,1,,1,,,,,,,,,,,
0DCD38955095,1,,1,,1,,1,,,,,,,,,,,
0DCD36B1609D,1,,1,,1,,1,,,,,,,,,,,
0DCD369B7095,1,,1,,1,,1,,,,,,,,,,,
0DCD36C1609A,1,,1,,1,,1,,,,,,,,,,,
0DCD369F7091,1,,1,,1,,1,,,,,,,,,,,
0DCD36A6609B,1,,1,,1,,1,,,,,,,,,,,
0DCD38C37096,1,,1,,1,,1,,,,,,,,,,,
0DCD365D709F,1,,1,,1,,1,,,,,,,,,,,
0DCD368F7090,1,,1,,1,,1,,,,,,,,,,,
0DCD374B7099,1,,1,,1,,1,,,,,,,,,,,
0DCD374E709C,1,,1,,1,,1,,,,,,,,,,,
0DCD37476095,1,,1,,1,,1,,,,,,,,,,,
0DCD36896096,1,,1,,1,,1,,,,,,,,,,,
0DCD3831709B,1,,1,,1,,1,,,,,,,,,,,
0DCD48E47094,1,,1,,1,,1,,,,,,,,,,,
0DCD49427099,1,,1,,1,,1,,,,,,,,,,,
0DCD4922709F,1,,1,,1,,1,,,,,,,,,,,
0DCD36E4709D,1,,1,,1,,1,,,,,,,,,,,
0DCD49196097,1,,1,,1,,1,,,,,,,,,,,
0DCD366C709D,1,,1,,1,,1,,,,,,,,,,,
0DCD492D7090,1,,1,,1,,1,,,,,,,,,,,
0DCD49296094,1,,1,,1,,1,,,,,,,,,,,
0DCD36D86092,1,,1,,1,,1,Green,,,,,,,,,,
0DCD36D96093,1,,1,,1,,1,Green,,,,,,,,,,
0DCD354F709F,1,,1,,1,,1,Green,,,,,,,,,,
0DCD360A709D,1,,1,,1,,1,Green,,,,,,,,,,
0DCD48F36092,1,,1,,1,,1,,,,,,,,,,,
0DCD36ED7094,1,,1,,1,,1,,,,,,,,,,,
0DCD491D7093,1,,1,,1,,1,,,,,,,,,,,
0DCD358A7096,1,,1,,1,,1,,,,,,,,,,,
0DCD385A7096,1,,1,,1,,1,,,,,,,,,,,
0DCD4926609B,1,,1,,1,,1,,,,,,,,,,,
0DCD36E3709A,1,,1,,1,,1,,,,,,,,,,,
0DCD36707090,1,,1,,1,,1,,,,,,,,,,,
0DCD38D57091,1,,1,,1,,1,,,,,,,,,,,
0DCD370D709B,1,,1,,1,,1,,,,,,,,,,,
0DCD37046092,1,,1,,1,,1,,,,,,,,,,,
0DCD35347093,1,,1,,1,,1,,,,,,,,,,,
0DCD36A96094,1,,1,,1,,1,,,,,,,,,,,
0DCD36366092,1,,1,,1,,1,,,,,,,,,,,
0DCD38AC709F,1,,1,,1,,1,,,,,,,,,,,
0DCD354E709E,1,,1,,1,,1,,,,,,,,,,,
0DCD35506091,1,,1,,1,,1,,,,,,,,,,,
0DCD37076091,1,,1,,1,,1,,,,,,,,,,,
0DCD36336097,1,,1,,1,,1,,,,,,,,,,,
0DCD3638609C,1,,1,,1,,1,,,,,,,,,,,
0DCD49086097,1,,1,,1,,1,,,,,,,,,,,
0DCD49076098,1,,1,,1,,1,,,,,,,,,,,
0DCD38E47093,1,,1,,1,,1,,,,,,,,,,,
0DCD368E7091,1,,1,,1,,1,,,,,,,,,,,
0DCD4900609F,1,,1,,1,,1,,,,,,,,,,,
0DD1487C7098,1,,1,,1,,1,,,,,,,,,,,
0DD136DE7099,1,,1,,1,,1,,,,,,,,,,,
0DD137AA709B,1,,1,,1,,1,,,,,,,,,,,
0DD138CC7094,1,,1,,1,,1,,,,,,,,,,,
0DD138CB7093,1,,1,,1,,1,,,,,,,,,,,
0DD1487B709F,1,,1,,1,,1,,,,,,,,,,,
0DCD365A7098,1,,1,,1,,1,,,,,,,,,,,
0DCD36EA7093,1,,1,,1,,1,,,,,,,,,,,
0DCD36A7709A,1,,1,,1,,1,,,,,,,,,,,
0DCD36F2709A,1,,1,,1,,1,,,,,,,,,,,
0DCD36717091,1,,1,,1,,1,,,,,,,,,,,
0DCD36E5709C,1,,1,,1,,1,,,,,,,,,,,
0DD143CC7098,1,,1,,1,,1,,,,,,,,,,,
0DD1379D709F,1,,1,,1,,1,,,,,,,,,,,
0DCD38836092,1,,1,,1,,1,,,,,,,,,,,
0DD137E07095,1,,1,,1,,1,,,,,,,,,,,
0DCD36E96090,1,,1,,1,,1,,,,,,,,,,,
0DD13760709D,1,,1,,1,,1,,,,,,,,,,,
0DD14878709C,1,,1,,1,,1,,,,,,,,,,,
0DD148227093,1,,1,,1,,1,,,,,,,,,,,
0DD137937091,1,,1,,1,,1,,,,,,,,,,,
0DCD48DA7099,1,,1,,1,,1,,,,,,,,,,,
0DD137D8609E,1,,1,,1,,1,,,,,,,,,,,
0DD13772709E,1,,1,,1,,1,,,,,,,,,,,
0DD13716709C,1,,1,,1,,1,,,,,,,,,,,
0DD138CD7095,1,,1,,1,,1,,,,,,,,,,,
0DD1378D709E,1,,1,,1,,1,,,,,,,,,,,
0DD138CA7092,1,,1,,1,,1,,,,,,,,,,,
0DD1486F709A,1,,1,,1,,1,,,,,,,,,,,
0DCD43DB7093,1,,1,,1,,1,,,,,,,,,,,
0DCD3581709D,1,,1,,1,,1,,,,,,,,,,,
0DCD4927709A,1,,1,,1,,1,,,,,,,,,,,
0DCD43757097,1,,1,,1,,1,,,,,,,,,,,
0DCD363A709E,1,,1,,1,,1,,,,,,,,,,,
0DCD36887097,1,,1,,1,,1,,,,,,,,,,,
0DCD48FB709A,1,,1,,1,,1,,,,,,,,,,,
0DCD48A06094,1,,1,,1,,1,,,,,,,,,,,
0DCD430A709F,1,,1,,1,,1,,,,,,,,,,,
0DCD4930709C,1,,1,,1,,1,,,,,,,,,,,
0DCD437E709C,1,,1,,1,,1,,,,,,,,,,,
0DCD430C7099,1,,1,,1,,1,,,,,,,,,,,
0DCD492E7093,1,,1,,1,,1,,,,,,,,,,,
0DCD48F06091,1,,1,,1,,1,,,,,,,,,,,
0DCD4379609B,1,,1,,1,,1,,,,,,,,,,,
0DCD48E56095,1,,1,,1,,1,,,,,,,,,,,
0DCD48C8709A,1,,1,,1,,1,,,,,,,,,,,
0DCD4902609D,1,,1,,1,,1,,,,,,,,,,,
0DCD4931709D,1,,1,,1,,1,,,,,,,,,,,
0DCD359E7093,1,,1,,1,,1,Green,,,,,,,,,,
0DCD48B57090,1,,1,,1,,1,Green,,,,,,,,,,
0DCD35377090,1,,1,,1,,1,Green,,,,,,,,,,
0DCD35357092,1,,1,,1,,1,Green,,,,,,,,,,
0DCD38C9709C,1,,1,,1,,1,,,,,,,,,,,
0DCD37577094,1,,1,,1,,1,,,,,,,,,,,
0DCD48D17092,1,,1,,1,,1,,,,,,,,,,,
0DCD48A77093,1,,1,,1,,1,,,,,,,,,,,
0DCD48BF709A,1,,1,,1,,1,,,,,,,,,,,
0DCD38966096,1,,1,,1,,1,,,,,,,,,,,
0DCD37006096,1,,1,,1,,1,,,,,,,,,,,
0DCD366B709A,1,,1,,1,,1,,,,,,,,,,,
0DCD364A7099,1,,1,,1,,1,,,,,,,,,,,
0DCD375D709E,1,,1,,1,,1,,,,,,,,,,,
0DCD37066090,1,,1,,1,,1,,,,,,,,,,,
0DCD36877098,1,,1,,1,,1,,,,,,,,,,,
0DCD4308709D,1,,1,,1,,1,,,,,,,,,,,
0DCD38936093,1,,1,,1,,1,,,,,,,,,,,
0DCD363E709A,1,,1,,1,,1,,,,,,,,,,,
0DCD36696098,1,,1,,1,,1,,,,,,,,,,,
0DCD35FE7095,1,,1,,1,,1,,,,,,,,,,,
0DCD36EF7096,1,,1,,1,,1,,,,,,,,,,,
0DCD36E7709E,1,,1,,1,,1,,,,,,,,,,,
0DCD36F3709B,1,,1,,1,,1,,,,,,,,,,,
0DCD493F7093,1,,1,,1,,1,,,,,,,,,,,
0DCD49347098,1,,1,,1,,1,,,,,,,,,,,
0DCD362F709A,1,,1,,1,,1,,,,,,,,,,,
0DCD36B2709E,1,,1,,1,,1,,,,,,,,,,,
0DCD38C8709D,1,,1,,1,,1,,,,,,,,,,,
0DCD36AF7092,1,,1,,1,,1,,,,,,,,,,,
0DCD36F06098,1,,1,,1,,1,,,,,,,,,,,
0DCD36E6709F,1,,1,,1,,1,,,,,,,,,,,
0DCD36AB7096,1,,1,,1,,1,,,,,,,,,,,
0DCD35446094,1,,1,,1,,1,,,,,,,,,,,
0DCD375F709C,1,,1,,1,,1,,,,,,,,,,,
0DCD48F86099,1,,1,,1,,1,,,,,,,,,,,
0DCD4904609B,1,,1,,1,,1,,,,,,,,,,,
0DCD48FD709C,1,,1,,1,,1,,,,,,,,,,,
0DCD48A9609D,1,,1,,1,,1,,,,,,,,,,,
0DCD38AE709D,1,,1,,1,,1,,,,,,,,,,,
0DCD353C709B,1,,1,,1,,1,,,,,,,,,,,
0DCD35487098,1,,1,,1,,1,,,,,,,,,,,
0DCD48D07093,1,,1,,1,,1,,,,,,,,,,,
0DCD354A709A,1,,1,,1,,1,,,,,,,,,,,
0DCD353E7099,1,,1,,1,,1,,,,,,,,,,,
0DCD48CF709D,1,,1,,1,,1,,,,,,,,,,,
0DCD48AE709A,1,,1,,1,,1,,,,,,,,,,,
0DCD36F86090,1,,1,,1,,1,,,,,,,,,,,
0DCD36B86094,1,,1,,1,,1,,,,,,,,,,,
0DCD36FC7094,1,,1,,1,,1,,,,,,,,,,,
0DCD38986098,1,,1,,1,,1,,,,,,,,,,,
0DCD36CC7097,1,,1,,1,,1,,,,,,,,,,,
0DCD38996099,1,,1,,1,,1,,,,,,,,,,,
0DD137CB709C,1,,1,,1,,1,,,,,,,,,,,
0DCD36D27098,1,,1,,1,,1,,,,,,,,,,,
0DCD36B3609F,1,,1,,1,,1,,,,,,,,,,,
0DCD36FB7093,1,,1,,1,,1,,,,,,,,,,,
0DCD36C37098,1,,1,,1,,1,,,,,,,,,,,
0DD13773709F,1,,1,,1,,1,,,,,,,,,,,
0DCD3648609B,1,,1,,1,,1,,,,,,,,,,,
0DCD36686099,1,,1,,1,,1,,,,,,,,,,,
0DCD365B7099,1,,1,,1,,1,,,,,,,,,,,
0DCD373E709B,1,,1,,1,,1,,,,,,,,,,,
0DCD366A709B,1,,1,,1,,1,,,,,,,,,,,
0DD137E9609C,1,,1,,1,,1,,,,,,,,,,,
0DCD36537091,1,,1,,1,,1,,,,,,,,,,,
0DCD36626093,1,,1,,1,,1,,,,,,,,,,,
0DCD381D7095,1,,1,,1,,1,,,,,,,,,,,
0DD136EA709E,1,,1,,1,,1,,,,,,,,,,,
0DCD3628609D,1,,1,,1,,1,,,,,,,,,,,
0DCD36666097,1,,1,,1,,1,,,,,,,,,,,
0DCD43E96092,1,,1,,1,,1,,,,,,,,,,,
0DCD37406092,1,,1,,1,,1,,,,,,,,,,,
0DCD36146092,1,,1,,1,,1,,,,,,,,,,,
0DCD36B7609B,1,,1,,1,,1,,,,,,,,,,,
0DCD384E7093,1,,1,,1,,1,,,,,,,,,,,
0DCD38106098,1,,1,,1,,1,,,,,,,,,,,
0DCD36BA7096,1,,1,,1,,1,,,,,,,,,,,
0DCD38C17094,1,,1,,1,,1,,,,,,,,,,,
0DCD3825709E,1,,1,,1,,1,,,,,,,,,,,
0DCD363C7098,1,,1,,1,,1,,,,,,,,,,,
0DCD36C86093,1,,1,,1,,1,,,,,,,,,,,
0DCD36F5709D,1,,1,,1,,1,,,,,,,,,,,
0DCD38BC709E,1,,1,,1,,1,,,,,,,,,,,
0DCD38C57090,1,,1,,1,,1,,,,,,,,,,,
0DCD363D7099,1,,1,,1,,1,,,,,,,,,,,
0DCD36E06099,1,,1,,1,,1,,,,,,,,,,,
0DCD36EC7095,1,,1,,1,,1,,,,,,,,,,,
0DCD36C27099,1,,1,,1,,1,,,,,,,,,,,
0DCD470B709A,1,,1,,1,,1,,,,,,,,,,,
0DCD36FD7095,1,,1,,1,,1,,,,,,,,,,,
0DCD36D4709E,1,,1,,1,,1,,,,,,,,,,,
0DCD365E709C,1,,1,,1,,1,,,,,,,,,,,
0DCD38BD709F,1,,1,,1,,1,,,,,,,,,,,
0DCD36E2709B,1,,1,,1,,1,,,,,,,,,,,
0DCD36AE7093,1,,1,,1,,1,,,,,,,,,,,
0DCD36DF7095,1,,1,,1,,1,,,,,,,,,,,
0DCD36547096,1,,1,,1,,1,,,,,,,,,,,
0DCD3738709D,1,,1,,1,,1,,,,,,,,,,,
0DCD36F6709E,1,,1,,1,,1,,,,,,,,,,,
0DCD3682709D,1,,1,,1,,1,,,,,,,,,,,
0DCD37307095,1,,1,,1,,1,,,,,,,,,,,
0DCD36CA7091,1,,1,,1,,1,,,,,,,,,,,
0DCD36446097,1,,1,,1,,1,,,,,,,,,,,
0DCD36BE7092,1,,1,,1,,1,,,,,,,,,,,
0DCD36BB7097,1,,1,,1,,1,,,,,,,,,,,
0DCD36BF7093,1,,1,,1,,1,,,,,,,,,,,
0DCD36DC7096,1,,1,,1,,1,,,,,,,,,,,
0DCD36C96092,1,,1,,1,,1,,,,,,,,,,,
0DCD367E709E,1,,1,,1,,1,,,,,,,,,,,
0DCD38E9609E,1,,1,,1,,1,,,,,,,,,,,
0DCD364D709E,1,,1,,1,,1,,,,,,,,,,,
0DCD36526090,1,,1,,1,,1,,,,,,,,,,,
0DCD38386092,1,,1,,1,,1,,,,,,,,,,,
0DCD36766096,1,,1,,1,,1,,,,,,,,,,,
0DCD38EF7098,1,,1,,1,,1,,,,,,,,,,,
0DCD383C7096,1,,1,,1,,1,,,,,,,,,,,
0DCD3837709D,1,,1,,1,,1,,,,,,,,,,,
0DCD383A7090,1,,1,,1,,1,,,,,,,,,,,
0DCD484E7094,1,,1,,1,,1,,,,,,,,,,,
0DC67D7C7098,1,,1,,1,,1,,,,,,,,,,,
0DCD367D709D,1,,1,,1,,1,,,,,,,,,,,
0DCD36976099,1,,1,,1,,1,,,,,,,,,,,
0DCD365F709D,1,,1,,1,,1,,,,,,,,,,,
0DCD38CC7099,1,,1,,1,,1,,,,,,,,,,,
0DC6817E7099,1,,1,,1,,1,,,,,,,,,,,
0DCD36517093,1,,1,,1,,1,,,,,,,,,,,
0DD13788709B,1,,1,,1,,1,,,,,,,,,,,
0DD136B07091,1,,1,,1,,1,,,,,,,,,,,
0DD136AD709D,1,,1,,1,,1,,,,,,,,,,,
0DD137DA709C,1,,1,,1,,1,,,,,,,,,,,
0DD136AF709F,1,,1,,1,,1,,,,,,,,,,,
0DD136BA709B,1,,1,,1,,1,,,,,,,,,,,
0DD138C4709C,1,,1,,1,,1,,,,,,,,,,,
0DD137797095,1,,1,,1,,1,,,,,,,,,,,
0DD138C7709F,1,,1,,1,,1,,,,,,,,,,,
0DD1377C7090,1,,1,,1,,1,,,,,,,,,,,
0DD1487F709B,1,,1,,1,,1,,,,,,,,,,,
0DD14890709A,1,,1,,1,,1,,,,,,,,,,,
0DD1487E709A,1,,1,,1,,1,,,,,,,,,,,
0DD13724709D,1,,1,,1,,1,,,,,,,,,,,
